param,depth,cross,cross_bary,weightedCross,weightedCross_bary,percentage
1,2,722,757,89203.75,80566.5,0.9031739136527333
1,3,684,817,78321.5,81927.5,1.0460409976826286